run_label,step,prediction,CPU,RAM
arima_12:41:40,1,27.66905038711313,0.0,88.3
arima_12:41:40,2,27.648250088924527,0.0,88.3
arima_12:41:40,3,27.560234606632275,0.0,88.3
arima_12:41:40,4,27.500527428800822,0.0,88.3
arima_12:41:40,5,27.487210791927893,0.0,88.3
arima_12:43:45,1,27.669050387113135,0.0,88.9
arima_12:43:45,2,27.648250088924527,0.0,88.9
arima_12:43:45,3,27.560234606632275,0.0,88.9
arima_12:43:45,4,27.500527428800826,0.0,88.9
arima_12:43:45,5,27.487210791927893,0.0,88.9
